{"cameraMode":{"drawMode":0,"name":"Shaded","section":"Shading Mode"},"sceneLighting":false,"audioPlay":false,"sceneViewState":{"showFog":false,"showMaterialUpdate":false,"showSkybox":false,"showFlares":false,"showImageEffects":false,"showParticleSystems":false},"in2DMode":false,"pivot":{"x":0.0,"y":1.7916843891143799,"z":0.1141805648803711},"rotation":{"x":-0.11945725977420807,"y":0.09691847115755081,"z":-0.011724400334060192,"w":-0.9881320595741272},"size":4.531501293182373,"orthographic":false}