{"cameraMode":{"drawMode":0,"name":"Shaded","section":"Shading Mode"},"sceneLighting":false,"audioPlay":false,"sceneViewState":{"showFog":false,"showMaterialUpdate":false,"showSkybox":false,"showFlares":false,"showImageEffects":false,"showParticleSystems":false},"in2DMode":false,"pivot":{"x":0.03634960204362869,"y":0.7472788691520691,"z":1.863466739654541},"rotation":{"x":0.004173747729510069,"y":-0.11688239127397537,"z":-0.00039376731729134917,"w":-0.9932823777198792},"size":3.031501293182373,"orthographic":false}