{"cameraMode":{"drawMode":0,"name":"Shaded","section":"Shading Mode"},"sceneLighting":false,"audioPlay":false,"sceneViewState":{"showFog":false,"showMaterialUpdate":false,"showSkybox":false,"showFlares":false,"showImageEffects":false,"showParticleSystems":false},"in2DMode":false,"pivot":{"x":0.7060127258300781,"y":2.1843936443328859,"z":-0.27054348587989809},"rotation":{"x":-0.5269097089767456,"y":0.1204116940498352,"z":-0.07583236694335938,"w":-0.8380220532417297},"size":2.8381118774414064,"orthographic":false}