{"cameraMode":{"drawMode":0,"name":"Shaded","section":"Shading Mode"},"sceneLighting":false,"audioPlay":false,"sceneViewState":{"showFog":false,"showMaterialUpdate":false,"showSkybox":false,"showFlares":false,"showImageEffects":false,"showParticleSystems":false},"in2DMode":false,"pivot":{"x":-0.4696120619773865,"y":0.5706783533096314,"z":-0.8809302449226379},"rotation":{"x":0.049224600195884708,"y":0.3601911664009094,"z":-0.019083909690380098,"w":0.9315820932388306},"size":0.39914852380752566,"orthographic":false}