{"cameraMode":{"drawMode":0,"name":"Shaded","section":"Shading Mode"},"sceneLighting":false,"audioPlay":false,"sceneViewState":{"showFog":false,"showMaterialUpdate":false,"showSkybox":false,"showFlares":false,"showImageEffects":false,"showParticleSystems":false},"in2DMode":false,"pivot":{"x":0.0,"y":1.790684461593628,"z":0.1141805648803711},"rotation":{"x":0.0025371399242430927,"y":0.9828808903694153,"z":-0.18374240398406983,"w":0.013565349392592907},"size":4.531501293182373,"orthographic":false}