{"cameraMode":{"drawMode":0,"name":"Shaded","section":"Shading Mode"},"sceneLighting":true,"audioPlay":false,"sceneViewState":{"showFog":true,"showMaterialUpdate":true,"showSkybox":true,"showFlares":true,"showImageEffects":true,"showParticleSystems":true},"in2DMode":false,"pivot":{"x":0.09999990463256836,"y":3.8000001907348635,"z":0.0},"rotation":{"x":-0.021307922899723054,"y":0.003912216983735561,"z":-0.00009452878293814138,"w":-0.9997779130935669},"size":5.037829399108887,"orthographic":false}